{
  "pertussis": {
    "beta": 12.500370030062015,
    "p_death": 0.00499999609796767,
    "dur_inf": 28.00032750073838,
    "fitness": 0.4112319227749136
  }
}