{
  "calibration_metadata": {
    "timestamp": "2025-09-30T00:55:15.514317",
    "n_trials": 20,
    "n_agents": 1000,
    "duration_years": 2,
    "optimization_method": "random_search"
  },
  "target_values": {
    "neonatal_proportion": 0.22698158526821458,
    "peri_neonatal_proportion": 4.00320256204964e-05,
    "total_cases": 49960,
    "neonatal_cases": 11340,
    "peri_neonatal_cases": 2
  },
  "best_parameters": {
    "neonatal_wound_rate": 0.011136000123441212,
    "peri_neonatal_wound_rate": 0.021335400427884392,
    "childhood_wound_rate": 0.06374653162897768,
    "adult_wound_rate": 0.6345854253081473,
    "maternal_vaccination_efficacy": 0.7433041166393181,
    "maternal_vaccination_coverage": 0.36486738028439836,
    "neonatal_cfr": 0.7180631958155193,
    "peri_neonatal_cfr": 0.5210225174243445,
    "childhood_cfr": 0.4801597364399688,
    "adult_cfr": 0.32748699353180655
  },
  "best_results": {
    "neonatal_cases": 1316,
    "peri_neonatal_cases": 0,
    "total_cases": 2574,
    "neonatal_proportion": 0.5112665112665112,
    "peri_neonatal_proportion": 0.0
  },
  "best_score": 0.22743594720376148,
  "calibration_summary": {
    "total_trials": 20,
    "successful_trials": 20,
    "failed_trials": 0,
    "best_trial": 11,
    "optimization_direction": "minimize"
  },
  "calibration_history": [
    {
      "trial": 1,
      "parameters": {
        "neonatal_wound_rate": 0.029122072593123428,
        "peri_neonatal_wound_rate": 0.007915138055264184,
        "childhood_wound_rate": 0.013143511268614889,
        "adult_wound_rate": 0.022425140753465092,
        "maternal_vaccination_efficacy": 0.39923386850960163,
        "maternal_vaccination_coverage": 0.43571896006919264,
        "neonatal_cfr": 0.751362939591711,
        "peri_neonatal_cfr": 0.20496973768839288,
        "childhood_cfr": 0.0950067545692669,
        "adult_cfr": 0.25221513753948555
      },
      "results": {
        "neonatal_cases": 1322,
        "peri_neonatal_cases": 0,
        "total_cases": 1212,
        "neonatal_proportion": 1.0907590759075907,
        "peri_neonatal_proportion": 0.0
      },
      "score": 0.6910299989166251,
      "neonatal_error": 0.8637774906393761,
      "peri_neonatal_error": 4.00320256204964e-05
    },
    {
      "trial": 2,
      "parameters": {
        "neonatal_wound_rate": 0.017566506474747556,
        "peri_neonatal_wound_rate": 0.01485462508147969,
        "childhood_wound_rate": 0.9004840003101777,
        "adult_wound_rate": 0.049330456766309,
        "maternal_vaccination_efficacy": 0.813667178461045,
        "maternal_vaccination_coverage": 0.7787151944378345,
        "neonatal_cfr": 0.5582076737949713,
        "peri_neonatal_cfr": 0.2512225043376325,
        "childhood_cfr": 0.08173907148534844,
        "adult_cfr": 0.19848020436623
      },
      "results": {
        "neonatal_cases": 4782,
        "peri_neonatal_cases": 0,
        "total_cases": 5093,
        "neonatal_proportion": 0.938935794227371,
        "peri_neonatal_proportion": 0.0
      },
      "score": 0.5695713735724492,
      "neonatal_error": 0.7119542089591564,
      "peri_neonatal_error": 4.00320256204964e-05
    },
    {
      "trial": 3,
      "parameters": {
        "neonatal_wound_rate": 0.9113596243976203,
        "peri_neonatal_wound_rate": 0.003759905486496047,
        "childhood_wound_rate": 0.16723162122261476,
        "adult_wound_rate": 0.36876650642055364,
        "maternal_vaccination_efficacy": 0.8731601186437297,
        "maternal_vaccination_coverage": 0.779975548946115,
        "neonatal_cfr": 0.8101012239568607,
        "peri_neonatal_cfr": 0.5750759297754034,
        "childhood_cfr": 0.1366678251643637,
        "adult_cfr": 0.25940658196605804
      },
      "results": {
        "neonatal_cases": 110,
        "peri_neonatal_cases": 0,
        "total_cases": 60,
        "neonatal_proportion": 1.8333333333333333,
        "peri_neonatal_proportion": 0.0
      },
      "score": 1.285089404857219,
      "neonatal_error": 1.6063517480651186,
      "peri_neonatal_error": 4.00320256204964e-05
    },
    {
      "trial": 4,
      "parameters": {
        "neonatal_wound_rate": 0.05059925802794068,
        "peri_neonatal_wound_rate": 0.018295300826467336,
        "childhood_wound_rate": 0.2293388977627385,
        "adult_wound_rate": 0.8726801965833317,
        "maternal_vaccination_efficacy": 0.8361402911524568,
        "maternal_vaccination_coverage": 0.7654555168164684,
        "neonatal_cfr": 0.7890014665502575,
        "peri_neonatal_cfr": 0.5687885803052506,
        "childhood_cfr": 0.15245746447908914,
        "adult_cfr": 0.34301593448318635
      },
      "results": {
        "neonatal_cases": 222,
        "peri_neonatal_cases": 0,
        "total_cases": 176,
        "neonatal_proportion": 1.2613636363636365,
        "peri_neonatal_proportion": 0.0
      },
      "score": 0.8275136472814616,
      "neonatal_error": 1.0343820510954218,
      "peri_neonatal_error": 4.00320256204964e-05
    },
    {
      "trial": 5,
      "parameters": {
        "neonatal_wound_rate": 0.14571352088119538,
        "peri_neonatal_wound_rate": 0.015053227163637934,
        "childhood_wound_rate": 0.01329035649119858,
        "adult_wound_rate": 0.011216171386568937,
        "maternal_vaccination_efficacy": 0.6555537247279132,
        "maternal_vaccination_coverage": 0.643626673348959,
        "neonatal_cfr": 0.504357777345495,
        "peri_neonatal_cfr": 0.7893757978942332,
        "childhood_cfr": 0.07065212119720993,
        "adult_cfr": 0.3834025413015306
      },
      "results": {
        "neonatal_cases": 2708,
        "peri_neonatal_cases": 0,
        "total_cases": 1232,
        "neonatal_proportion": 2.198051948051948,
        "peri_neonatal_proportion": 0.0
      },
      "score": 1.5768642966321107,
      "neonatal_error": 1.9710703627837334,
      "peri_neonatal_error": 4.00320256204964e-05
    },
    {
      "trial": 6,
      "parameters": {
        "neonatal_wound_rate": 0.055843996094998266,
        "peri_neonatal_wound_rate": 0.01693039881501364,
        "childhood_wound_rate": 0.04396490820229036,
        "adult_wound_rate": 0.038346851207642835,
        "maternal_vaccination_efficacy": 0.5783421913041352,
        "maternal_vaccination_coverage": 0.7408044149322628,
        "neonatal_cfr": 0.893188052348765,
        "peri_neonatal_cfr": 0.39946596489845904,
        "childhood_cfr": 0.1633323170970774,
        "adult_cfr": 0.37675135269916915
      },
      "results": {
        "neonatal_cases": 34,
        "peri_neonatal_cases": 0,
        "total_cases": 30,
        "neonatal_proportion": 1.1333333333333333,
        "peri_neonatal_proportion": 0.0
      },
      "score": 0.7250894048572192,
      "neonatal_error": 0.9063517480651188,
      "peri_neonatal_error": 4.00320256204964e-05
    },
    {
      "trial": 7,
      "parameters": {
        "neonatal_wound_rate": 0.9607271648525001,
        "peri_neonatal_wound_rate": 0.0029066610653283764,
        "childhood_wound_rate": 0.06374363552016006,
        "adult_wound_rate": 0.17731689768081246,
        "maternal_vaccination_efficacy": 0.3858220235303411,
        "maternal_vaccination_coverage": 0.2736790901559676,
        "neonatal_cfr": 0.6875734598431259,
        "peri_neonatal_cfr": 0.534129789231176,
        "childhood_cfr": 0.4736386289477401,
        "adult_cfr": 0.3046295112516153
      },
      "results": {
        "neonatal_cases": 275,
        "peri_neonatal_cases": 0,
        "total_cases": 143,
        "neonatal_proportion": 1.9230769230769231,
        "peri_neonatal_proportion": 0.0
      },
      "score": 1.3568842766520908,
      "neonatal_error": 1.6960953378087085,
      "peri_neonatal_error": 4.00320256204964e-05
    },
    {
      "trial": 8,
      "parameters": {
        "neonatal_wound_rate": 0.7707792280828427,
        "peri_neonatal_wound_rate": 0.013236772395567224,
        "childhood_wound_rate": 0.05029501261807862,
        "adult_wound_rate": 0.12217982878044559,